[
    {"id": 1, "name_en": "Afghanistan", "name_ar": "أفغانستان"},
    {"id": 2, "name_en": "Albania", "name_ar": "ألبانيا"},
    {"id": 3, "name_en": "Algeria", "name_ar": "الجزائر"},
    {"id": 4, "name_en": "Andorra", "name_ar": "أندورا"},
    {"id": 5, "name_en": "Angola", "name_ar": "أنغولا"},
    {"id": 6, "name_en": "Antigua and Barbuda", "name_ar": "أنتيغوا وباربودا"},
    {"id": 7, "name_en": "Argentina", "name_ar": "الأرجنتين"},
    {"id": 8, "name_en": "Armenia", "name_ar": "أرمينيا"},
    {"id": 9, "name_en": "Australia", "name_ar": "أستراليا"},
    {"id": 10, "name_en": "Austria", "name_ar": "النمسا"},
    {"id": 11, "name_en": "Azerbaijan", "name_ar": "أذربيجان"},
    {"id": 12, "name_en": "Bahamas", "name_ar": "الباهاماس"},
    {"id": 13, "name_en": "Bahrain", "name_ar": "البحرين"},
    {"id": 14, "name_en": "Bangladesh", "name_ar": "بنغلاديش"},
    {"id": 15, "name_en": "Barbados", "name_ar": "باربادوس"},
    {"id": 16, "name_en": "Belarus", "name_ar": "بيلاروسيا"},
    {"id": 17, "name_en": "Belgium", "name_ar": "بلجيكا"},
    {"id": 18, "name_en": "Belize", "name_ar": "بليز"},
    {"id": 19, "name_en": "Benin", "name_ar": "بنين"},
    {"id": 20, "name_en": "Bhutan", "name_ar": "بوتان"},
    {"id": 21, "name_en": "Bolivia", "name_ar": "بوليفيا"},
    {"id": 22, "name_en": "Bosnia and Herzegovina", "name_ar": "البوسنة والهرسك"},
    {"id": 23, "name_en": "Botswana", "name_ar": "بوتسوانا"},
    {"id": 24, "name_en": "Brazil", "name_ar": "البرازيل"},
    {"id": 25, "name_en": "Brunei", "name_ar": "بروناي"},
    {"id": 26, "name_en": "Bulgaria", "name_ar": "بلغاريا"},
    {"id": 27, "name_en": "Burkina Faso", "name_ar": "بوركينا فاسو"},
    {"id": 28, "name_en": "Burundi", "name_ar": "بوروندي"},
    {"id": 29, "name_en": "Cabo Verde", "name_ar": "الرأس الأخضر"},
    {"id": 30, "name_en": "Cambodia", "name_ar": "كمبوديا"},
    {"id": 31, "name_en": "Cameroon", "name_ar": "الكاميرون"},
    {"id": 32, "name_en": "Canada", "name_ar": "كندا"},
    {"id": 33, "name_en": "Central African Republic", "name_ar": "جمهورية أفريقيا الوسطى"},
    {"id": 34, "name_en": "Chad", "name_ar": "تشاد"},
    {"id": 35, "name_en": "Chile", "name_ar": "تشيلي"},
    {"id": 36, "name_en": "China", "name_ar": "الصين"},
    {"id": 37, "name_en": "Colombia", "name_ar": "كولومبيا"},
    {"id": 38, "name_en": "Comoros", "name_ar": "جزر القمر"},
    {"id": 39, "name_en": "Congo (Congo-Brazzaville)", "name_ar": "الكونغو (برازافيل)"},
    {"id": 40, "name_en": "Congo (Congo-Kinshasa)", "name_ar": "الكونغو (كينشاسا)"},
    {"id": 41, "name_en": "Costa Rica", "name_ar": "كوستاريكا"},
    {"id": 42, "name_en": "Croatia", "name_ar": "كرواتيا"},
    {"id": 43, "name_en": "Cuba", "name_ar": "كوبا"},
    {"id": 44, "name_en": "Cyprus", "name_ar": "قبرص"},
    {"id": 45, "name_en": "Czech Republic", "name_ar": "التشيك"},
    {"id": 46, "name_en": "Denmark", "name_ar": "الدنمارك"},
    {"id": 47, "name_en": "Djibouti", "name_ar": "جيبوتي"},
    {"id": 48, "name_en": "Dominica", "name_ar": "دومينيكا"},
    {"id": 49, "name_en": "Dominican Republic", "name_ar": "جمهورية الدومينيكان"},
    {"id": 50, "name_en": "Ecuador", "name_ar": "الإكوادور"},
    {"id": 51, "name_en": "Egypt", "name_ar": "مصر"},
    {"id": 52, "name_en": "El Salvador", "name_ar": "السلفادور"},
    {"id": 53, "name_en": "Equatorial Guinea", "name_ar": "غينيا الاستوائية"},
    {"id": 54, "name_en": "Eritrea", "name_ar": "إريتريا"},
    {"id": 55, "name_en": "Estonia", "name_ar": "إستونيا"},
    {"id": 56, "name_en": "Eswatini", "name_ar": "إسواتيني"},
    {"id": 57, "name_en": "Ethiopia", "name_ar": "إثيوبيا"},
    {"id": 58, "name_en": "Fiji", "name_ar": "فيجي"},
    {"id": 59, "name_en": "Finland", "name_ar": "فنلندا"},
    {"id": 60, "name_en": "France", "name_ar": "فرنسا"},
    {"id": 61, "name_en": "Gabon", "name_ar": "الغابون"},
    {"id": 62, "name_en": "Gambia", "name_ar": "غامبيا"},
    {"id": 63, "name_en": "Georgia", "name_ar": "جورجيا"},
    {"id": 64, "name_en": "Germany", "name_ar": "ألمانيا"},
    {"id": 65, "name_en": "Ghana", "name_ar": "غانا"},
    {"id": 66, "name_en": "Greece", "name_ar": "اليونان"},
    {"id": 67, "name_en": "Grenada", "name_ar": "غرينادا"},
    {"id": 68, "name_en": "Guatemala", "name_ar": "غواتيمالا"},
    {"id": 69, "name_en": "Guinea", "name_ar": "غينيا"},
    {"id": 70, "name_en": "Guinea-Bissau", "name_ar": "غينيا بيساو"},
    {"id": 71, "name_en": "Guyana", "name_ar": "غيانا"},
    {"id": 72, "name_en": "Haiti", "name_ar": "هايتي"},
    {"id": 73, "name_en": "Honduras", "name_ar": "هندوراس"},
    {"id": 74, "name_en": "Hungary", "name_ar": "المجر"},
    {"id": 75, "name_en": "Iceland", "name_ar": "آيسلندا"},
    {"id": 76, "name_en": "India", "name_ar": "الهند"},
    {"id": 77, "name_en": "Indonesia", "name_ar": "إندونيسيا"},
    {"id": 78, "name_en": "Iran", "name_ar": "إيران"},
    {"id": 79, "name_en": "Iraq", "name_ar": "العراق"},
    {"id": 80, "name_en": "Ireland", "name_ar": "أيرلندا"},
    {"id": 81, "name_en": "Israel", "name_ar": "إسرائيل"},
    {"id": 82, "name_en": "Italy", "name_ar": "إيطاليا"},
    {"id": 83, "name_en": "Jamaica", "name_ar": "جامايكا"},
    {"id": 84, "name_en": "Japan", "name_ar": "اليابان"},
    {"id": 85, "name_en": "Jordan", "name_ar": "الأردن"},
    {"id": 86, "name_en": "Kazakhstan", "name_ar": "كازاخستان"},
    {"id": 87, "name_en": "Kenya", "name_ar": "كينيا"},
    {"id": 88, "name_en": "Kiribati", "name_ar": "كيريباتي"},
    {"id": 89, "name_en": "Kuwait", "name_ar": "الكويت"},
    {"id": 90, "name_en": "Kyrgyzstan", "name_ar": "قيرغيزستان"},
    {"id": 91, "name_en": "Laos", "name_ar": "لاوس"},
    {"id": 92, "name_en": "Latvia", "name_ar": "لاتفيا"},
    {"id": 93, "name_en": "Lebanon", "name_ar": "لبنان"},
    {"id": 94, "name_en": "Lesotho", "name_ar": "ليسوتو"},
    {"id": 95, "name_en": "Liberia", "name_ar": "ليبيريا"},
    {"id": 96, "name_en": "Libya", "name_ar": "ليبيا"},
    {"id": 97, "name_en": "Liechtenstein", "name_ar": "ليختنشتاين"},
    {"id": 98, "name_en": "Lithuania", "name_ar": "ليتوانيا"},
    {"id": 99, "name_en": "Luxembourg", "name_ar": "لوكسمبورغ"},
    {"id": 100, "name_en": "Madagascar", "name_ar": "مدغشقر"},
    {"id": 101, "name_en": "Malawi", "name_ar": "مالاوي"},
    {"id": 102, "name_en": "Malaysia", "name_ar": "ماليزيا"},
    {"id": 103, "name_en": "Maldives", "name_ar": "المالديف"},
    {"id": 104, "name_en": "Mali", "name_ar": "مالي"},
    {"id": 105, "name_en": "Malta", "name_ar": "مالطا"},
    {"id": 106, "name_en": "Marshall Islands", "name_ar": "جزر مارشال"},
    {"id": 107, "name_en": "Mauritania", "name_ar": "موريتانيا"},
    {"id": 108, "name_en": "Mauritius", "name_ar": "موريشيوس"},
    {"id": 109, "name_en": "Mexico", "name_ar": "المكسيك"},
    {"id": 110, "name_en": "Micronesia", "name_ar": "ميكرونيزيا"},
    {"id": 111, "name_en": "Moldova", "name_ar": "مولدوفا"},
    {"id": 112, "name_en": "Monaco", "name_ar": "موناكو"},
    {"id": 113, "name_en": "Mongolia", "name_ar": "منغوليا"},
    {"id": 114, "name_en": "Montenegro", "name_ar": "الجبل الأسود"},
    {"id": 115, "name_en": "Morocco", "name_ar": "المغرب"},
    {"id": 116, "name_en": "Mozambique", "name_ar": "موزمبيق"},
    {"id": 117, "name_en": "Myanmar", "name_ar": "ميانمار"},
    {"id": 118, "name_en": "Namibia", "name_ar": "ناميبيا"},
    {"id": 119, "name_en": "Nauru", "name_ar": "ناورو"},
    {"id": 120, "name_en": "Nepal", "name_ar": "نيبال"},
    {"id": 121, "name_en": "Netherlands", "name_ar": "هولندا"},
    {"id": 122, "name_en": "New Zealand", "name_ar": "نيوزيلندا"},
    {"id": 123, "name_en": "Nicaragua", "name_ar": "نيكاراغوا"},
    {"id": 124, "name_en": "Niger", "name_ar": "النيجر"},
    {"id": 125, "name_en": "Nigeria", "name_ar": "نيجيريا"},
    {"id": 126, "name_en": "North Korea", "name_ar": "كوريا الشمالية"},
    {"id": 127, "name_en": "North Macedonia", "name_ar": "مقدونيا الشمالية"},
    {"id": 128, "name_en": "Norway", "name_ar": "النرويج"},
    {"id": 129, "name_en": "Oman", "name_ar": "عمان"},
    {"id": 130, "name_en": "Pakistan", "name_ar": "باكستان"},
    {"id": 131, "name_en": "Palau", "name_ar": "بالاو"},
    {"id": 132, "name_en": "Panama", "name_ar": "بنما"},
    {"id": 133, "name_en": "Papua New Guinea", "name_ar": "بابوا غينيا الجديدة"},
    {"id": 134, "name_en": "Paraguay", "name_ar": "باراغواي"},
    {"id": 135, "name_en": "Peru", "name_ar": "بيرو"},
    {"id": 136, "name_en": "Philippines", "name_ar": "الفلبين"},
    {"id": 137, "name_en": "Poland", "name_ar": "بولندا"},
    {"id": 138, "name_en": "Portugal", "name_ar": "البرتغال"},
    {"id": 139, "name_en": "Qatar", "name_ar": "قطر"},
    {"id": 140, "name_en": "Romania", "name_ar": "رومانيا"},
    {"id": 141, "name_en": "Russia", "name_ar": "روسيا"},
    {"id": 142, "name_en": "Rwanda", "name_ar": "رواندا"},
    {"id": 143, "name_en": "Saint Kitts and Nevis", "name_ar": "سانت كيتس ونيفيس"},
    {"id": 144, "name_en": "Saint Lucia", "name_ar": "سانت لوسيا"},
    {"id": 145, "name_en": "Saint Vincent and the Grenadines", "name_ar": "سانت فنسنت والغرينادين"},
    {"id": 146, "name_en": "Samoa", "name_ar": "ساموا"},
    {"id": 147, "name_en": "San Marino", "name_ar": "سان مارينو"},
    {"id": 148, "name_en": "Sao Tome and Principe", "name_ar": "ساو تومي وبرينسيب"},
    {"id": 149, "name_en": "Saudi Arabia", "name_ar": "المملكة العربية السعودية"},
    {"id": 150, "name_en": "Senegal", "name_ar": "السنغال"},
    {"id": 151, "name_en": "Serbia", "name_ar": "صربيا"},
    {"id": 152, "name_en": "Seychelles", "name_ar": "سيشيل"},
    {"id": 153, "name_en": "Sierra Leone", "name_ar": "سيراليون"},
    {"id": 154, "name_en": "Singapore", "name_ar": "سنغافورة"},
    {"id": 155, "name_en": "Slovakia", "name_ar": "سلوفاكيا"},
    {"id": 156, "name_en": "Slovenia", "name_ar": "سلوفينيا"},
    {"id": 157, "name_en": "Solomon Islands", "name_ar": "جزر سليمان"},
    {"id": 158, "name_en": "Somalia", "name_ar": "الصومال"},
    {"id": 159, "name_en": "South Africa", "name_ar": "جنوب أفريقيا"},
    {"id": 160, "name_en": "South Korea", "name_ar": "كوريا الجنوبية"},
    {"id": 161, "name_en": "South Sudan", "name_ar": "جنوب السودان"},
    {"id": 162, "name_en": "Spain", "name_ar": "إسبانيا"},
    {"id": 163, "name_en": "Sri Lanka", "name_ar": "سريلانكا"},
    {"id": 164, "name_en": "Sudan", "name_ar": "السودان"},
    {"id": 165, "name_en": "Suriname", "name_ar": "سورينام"},
    {"id": 166, "name_en": "Sweden", "name_ar": "السويد"},
    {"id": 167, "name_en": "Switzerland", "name_ar": "سويسرا"},
    {"id": 168, "name_en": "Syria", "name_ar": "سوريا"},
    {"id": 169, "name_en": "Taiwan", "name_ar": "تايوان"},
    {"id": 170, "name_en": "Tajikistan", "name_ar": "طاجيكستان"},
    {"id": 171, "name_en": "Tanzania", "name_ar": "تنزانيا"},
    {"id": 172, "name_en": "Thailand", "name_ar": "تايلاند"},
    {"id": 173, "name_en": "Timor-Leste", "name_ar": "تيمور الشرقية"},
    {"id": 174, "name_en": "Togo", "name_ar": "توغو"},
    {"id": 175, "name_en": "Tonga", "name_ar": "تونغا"},
    {"id": 176, "name_en": "Trinidad and Tobago", "name_ar": "ترينيداد وتوباغو"},
    {"id": 177, "name_en": "Tunisia", "name_ar": "تونس"},
    {"id": 178, "name_en": "Turkey", "name_ar": "تركيا"},
    {"id": 179, "name_en": "Turkmenistan", "name_ar": "تركمانستان"},
    {"id": 180, "name_en": "Tuvalu", "name_ar": "توفالو"},
    {"id": 181, "name_en": "Uganda", "name_ar": "أوغندا"},
    {"id": 182, "name_en": "Ukraine", "name_ar": "أوكرانيا"},
    {"id": 183, "name_en": "United Arab Emirates", "name_ar": "الإمارات العربية المتحدة"},
    {"id": 184, "name_en": "United Kingdom", "name_ar": "المملكة المتحدة"},
    {"id": 185, "name_en": "United States", "name_ar": "الولايات المتحدة"},
    {"id": 186, "name_en": "Uruguay", "name_ar": "أوروغواي"},
    {"id": 187, "name_en": "Uzbekistan", "name_ar": "أوزبكستان"},
    {"id": 188, "name_en": "Vanuatu", "name_ar": "فانواتو"},
    {"id": 189, "name_en": "Vatican City", "name_ar": "مدينة الفاتيكان"},
    {"id": 190, "name_en": "Venezuela", "name_ar": "فنزويلا"},
    {"id": 191, "name_en": "Vietnam", "name_ar": "فيتنام"},
    {"id": 192, "name_en": "Yemen", "name_ar": "اليمن"},
    {"id": 193, "name_en": "Zambia", "name_ar": "زامبيا"},
    {"id": 194, "name_en": "Zimbabwe", "name_ar": "زيمبابوي"}
]